{
  "name": "DesignedbyGG DarkMage",
  "vendorId": "0x320F",
  "productId": "0x5116",
  "keycodes": ["qmk_lighting"],
  "menus": ["qmk_rgb_matrix"],
  "matrix": {"rows": 5, "cols": 15},
  "layouts": {
    "keymap": [
      ["0,0","0,1","0,2","0,3","0,4","0,5","0,6","0,7","0,8","0,9","0,10","0,11","0,12",{"w":2},"0,13","0,14"],
      [{"w":1.5},"1,0","1,1","1,2","1,3","1,4","1,5","1,6","1,7","1,8","1,9","1,10","1,11","1,12",{"x":0.25,"w":1.25,"h":2,"w2":1.5,"h2":1,"x2":-0.25},"2,13","1,14"],
      [{"x":-1},"\n\n\n\n\n\n\n\n\ne0",{"w":1.75},"2,0","2,1","2,2","2,3","2,4","2,5","2,6","2,7","2,8","2,9","2,10","2,11","2,12",{"x":1.25},"2,14"],
      [{"w":1.25},"3,0","3,1","3,2","3,3","3,4","3,5","3,6","3,7","3,8","3,9","3,10","3,11",{"w":1.75},"3,12","3,13","3,14"],
      [{"w":1.25},"4,0",{"w":1.25},"4,1",{"w":1.25},"4,2",{"w":6.25},"4,6","4,9","4,10","4,11","4,12","4,13","4,14"]
    ]
  }
}